nacp_f16606de-a4fc-4569-a924-0e5438985d61,536b04ea-6441-11e8-8c0f-0242ac110002
nacp_f16606de-a4fc-4569-a924-0e5438985d61,536b0c3e-6441-11e8-8c0f-0242ac110002
nacp_f16606de-a4fc-4569-a924-0e5438985d61,536b0f03-6441-11e8-8c0f-0242ac110002
nacp_f16606de-a4fc-4569-a924-0e5438985d61,536b1157-6441-11e8-8c0f-0242ac110002
nacp_f16606de-a4fc-4569-a924-0e5438985d61,536b133b-6441-11e8-8c0f-0242ac110002
nacp_f16606de-a4fc-4569-a924-0e5438985d61,536b1520-6441-11e8-8c0f-0242ac110002
nacp_f16606de-a4fc-4569-a924-0e5438985d61,536b16f1-6441-11e8-8c0f-0242ac110002
nacp_f16606de-a4fc-4569-a924-0e5438985d61,536b18b9-6441-11e8-8c0f-0242ac110002
nacp_f16606de-a4fc-4569-a924-0e5438985d61,536b1c31-6441-11e8-8c0f-0242ac110002
nacp_f16606de-a4fc-4569-a924-0e5438985d61,536b1e0a-6441-11e8-8c0f-0242ac110002
nacp_f16606de-a4fc-4569-a924-0e5438985d61,536b1fdb-6441-11e8-8c0f-0242ac110002
nacp_f16606de-a4fc-4569-a924-0e5438985d61,536b21a1-6441-11e8-8c0f-0242ac110002
nacp_f16606de-a4fc-4569-a924-0e5438985d61,536b2374-6441-11e8-8c0f-0242ac110002
nacp_f16606de-a4fc-4569-a924-0e5438985d61,536b2532-6441-11e8-8c0f-0242ac110002
nacp_f16606de-a4fc-4569-a924-0e5438985d61,536b26f8-6441-11e8-8c0f-0242ac110002
nacp_f16606de-a4fc-4569-a924-0e5438985d61,536b28ba-6441-11e8-8c0f-0242ac110002
nacp_f16606de-a4fc-4569-a924-0e5438985d61,536b2a7a-6441-11e8-8c0f-0242ac110002
nacp_f16606de-a4fc-4569-a924-0e5438985d61,536b2c40-6441-11e8-8c0f-0242ac110002
nacp_f16606de-a4fc-4569-a924-0e5438985d61,536b2e08-6441-11e8-8c0f-0242ac110002
nacp_f16606de-a4fc-4569-a924-0e5438985d61,536b2fcb-6441-11e8-8c0f-0242ac110002
nacp_f16606de-a4fc-4569-a924-0e5438985d61,536b3180-6441-11e8-8c0f-0242ac110002
nacp_f16606de-a4fc-4569-a924-0e5438985d61,536b3338-6441-11e8-8c0f-0242ac110002
nacp_f16606de-a4fc-4569-a924-0e5438985d61,536b34f6-6441-11e8-8c0f-0242ac110002
nacp_f16606de-a4fc-4569-a924-0e5438985d61,536b36ad-6441-11e8-8c0f-0242ac110002
nacp_f16606de-a4fc-4569-a924-0e5438985d61,536b3867-6441-11e8-8c0f-0242ac110002
nacp_f16606de-a4fc-4569-a924-0e5438985d61,536b3a22-6441-11e8-8c0f-0242ac110002
nacp_f16606de-a4fc-4569-a924-0e5438985d61,536b3bd7-6441-11e8-8c0f-0242ac110002
nacp_f16606de-a4fc-4569-a924-0e5438985d61,536b3d92-6441-11e8-8c0f-0242ac110002
nacp_f16606de-a4fc-4569-a924-0e5438985d61,536b3f48-6441-11e8-8c0f-0242ac110002
nacp_f16606de-a4fc-4569-a924-0e5438985d61,536b4129-6441-11e8-8c0f-0242ac110002
nacp_f16606de-a4fc-4569-a924-0e5438985d61,536b42da-6441-11e8-8c0f-0242ac110002
nacp_f16606de-a4fc-4569-a924-0e5438985d61,536b4507-6441-11e8-8c0f-0242ac110002
nacp_f16606de-a4fc-4569-a924-0e5438985d61,536b4726-6441-11e8-8c0f-0242ac110002
nacp_f16606de-a4fc-4569-a924-0e5438985d61,536b493e-6441-11e8-8c0f-0242ac110002
nacp_f16606de-a4fc-4569-a924-0e5438985d61,536b4d1f-6441-11e8-8c0f-0242ac110002
nacp_f16606de-a4fc-4569-a924-0e5438985d61,536b4fb1-6441-11e8-8c0f-0242ac110002
nacp_f16606de-a4fc-4569-a924-0e5438985d61,536b5225-6441-11e8-8c0f-0242ac110002
nacp_f16606de-a4fc-4569-a924-0e5438985d61,536b546a-6441-11e8-8c0f-0242ac110002
nacp_f16606de-a4fc-4569-a924-0e5438985d61,536b56c6-6441-11e8-8c0f-0242ac110002
nacp_f16606de-a4fc-4569-a924-0e5438985d61,536b5890-6441-11e8-8c0f-0242ac110002
nacp_f16606de-a4fc-4569-a924-0e5438985d61,536b5a59-6441-11e8-8c0f-0242ac110002
nacp_f16606de-a4fc-4569-a924-0e5438985d61,536b5c1e-6441-11e8-8c0f-0242ac110002
nacp_f16606de-a4fc-4569-a924-0e5438985d61,536b5de3-6441-11e8-8c0f-0242ac110002
nacp_f16606de-a4fc-4569-a924-0e5438985d61,536b5fb6-6441-11e8-8c0f-0242ac110002
nacp_f16606de-a4fc-4569-a924-0e5438985d61,536b619b-6441-11e8-8c0f-0242ac110002
nacp_f16606de-a4fc-4569-a924-0e5438985d61,536b6424-6441-11e8-8c0f-0242ac110002
nacp_f16606de-a4fc-4569-a924-0e5438985d61,536b65dd-6441-11e8-8c0f-0242ac110002
nacp_f16606de-a4fc-4569-a924-0e5438985d61,536b67a5-6441-11e8-8c0f-0242ac110002
nacp_f16606de-a4fc-4569-a924-0e5438985d61,536b697b-6441-11e8-8c0f-0242ac110002
nacp_f16606de-a4fc-4569-a924-0e5438985d61,536b6b52-6441-11e8-8c0f-0242ac110002
nacp_f16606de-a4fc-4569-a924-0e5438985d61,536b6cb9-6441-11e8-8c0f-0242ac110002
nacp_f16606de-a4fc-4569-a924-0e5438985d61,536b6e0d-6441-11e8-8c0f-0242ac110002
nacp_f16606de-a4fc-4569-a924-0e5438985d61,536b6f70-6441-11e8-8c0f-0242ac110002
nacp_f16606de-a4fc-4569-a924-0e5438985d61,536b70c6-6441-11e8-8c0f-0242ac110002
nacp_f16606de-a4fc-4569-a924-0e5438985d61,536b721d-6441-11e8-8c0f-0242ac110002
nacp_f16606de-a4fc-4569-a924-0e5438985d61,536b738e-6441-11e8-8c0f-0242ac110002
nacp_f16606de-a4fc-4569-a924-0e5438985d61,536b74e3-6441-11e8-8c0f-0242ac110002
nacp_f16606de-a4fc-4569-a924-0e5438985d61,536b7638-6441-11e8-8c0f-0242ac110002
nacp_f16606de-a4fc-4569-a924-0e5438985d61,536b778e-6441-11e8-8c0f-0242ac110002
nacp_f16606de-a4fc-4569-a924-0e5438985d61,536b78e6-6441-11e8-8c0f-0242ac110002
nacp_f16606de-a4fc-4569-a924-0e5438985d61,536b7a49-6441-11e8-8c0f-0242ac110002
nacp_d89aaa0d-772b-464c-9ac0-2d6218916e92,536b7bb8-6441-11e8-8c0f-0242ac110002
nacp_d89aaa0d-772b-464c-9ac0-2d6218916e92,536b7d17-6441-11e8-8c0f-0242ac110002
nacp_d89aaa0d-772b-464c-9ac0-2d6218916e92,536b7f21-6441-11e8-8c0f-0242ac110002
nacp_f34bd828-73dc-4e0a-ae13-02fe6ac9e7aa,536b8092-6441-11e8-8c0f-0242ac110002
nacp_f1860659-211f-4253-b5e9-68f69c2df8d9,536b8204-6441-11e8-8c0f-0242ac110002
nacp_f1860659-211f-4253-b5e9-68f69c2df8d9,536b8360-6441-11e8-8c0f-0242ac110002
nacp_f1860659-211f-4253-b5e9-68f69c2df8d9,536b86ad-6441-11e8-8c0f-0242ac110002
nacp_f1860659-211f-4253-b5e9-68f69c2df8d9,536b8801-6441-11e8-8c0f-0242ac110002
nacp_f1860659-211f-4253-b5e9-68f69c2df8d9,536b8999-6441-11e8-8c0f-0242ac110002
nacp_f1860659-211f-4253-b5e9-68f69c2df8d9,536b8b07-6441-11e8-8c0f-0242ac110002
nacp_f1860659-211f-4253-b5e9-68f69c2df8d9,536b8c5b-6441-11e8-8c0f-0242ac110002
nacp_6dbcb776-e702-40a9-bd42-e9dbb8bb3f90,536b8dbf-6441-11e8-8c0f-0242ac110002
nacp_6dbcb776-e702-40a9-bd42-e9dbb8bb3f90,536b909d-6441-11e8-8c0f-0242ac110002
nacp_6dbcb776-e702-40a9-bd42-e9dbb8bb3f90,536b9224-6441-11e8-8c0f-0242ac110002
nacp_6dbcb776-e702-40a9-bd42-e9dbb8bb3f90,536b9376-6441-11e8-8c0f-0242ac110002
nacp_6dbcb776-e702-40a9-bd42-e9dbb8bb3f90,536b94cd-6441-11e8-8c0f-0242ac110002
nacp_6dbcb776-e702-40a9-bd42-e9dbb8bb3f90,536b9632-6441-11e8-8c0f-0242ac110002
nacp_6dbcb776-e702-40a9-bd42-e9dbb8bb3f90,536b99ec-6441-11e8-8c0f-0242ac110002
nacp_6dbcb776-e702-40a9-bd42-e9dbb8bb3f90,536b9b5e-6441-11e8-8c0f-0242ac110002
nacp_6dbcb776-e702-40a9-bd42-e9dbb8bb3f90,53705b98-6441-11e8-8c0f-0242ac110002
nacp_6dbcb776-e702-40a9-bd42-e9dbb8bb3f90,537061a0-6441-11e8-8c0f-0242ac110002
nacp_6dbcb776-e702-40a9-bd42-e9dbb8bb3f90,5370636e-6441-11e8-8c0f-0242ac110002
nacp_6dbcb776-e702-40a9-bd42-e9dbb8bb3f90,537067fe-6441-11e8-8c0f-0242ac110002
nacp_6dbcb776-e702-40a9-bd42-e9dbb8bb3f90,53706a3b-6441-11e8-8c0f-0242ac110002
nacp_6dbcb776-e702-40a9-bd42-e9dbb8bb3f90,53706da0-6441-11e8-8c0f-0242ac110002
nacp_6dbcb776-e702-40a9-bd42-e9dbb8bb3f90,53706f4e-6441-11e8-8c0f-0242ac110002
nacp_6dbcb776-e702-40a9-bd42-e9dbb8bb3f90,53707339-6441-11e8-8c0f-0242ac110002
nacp_6dbcb776-e702-40a9-bd42-e9dbb8bb3f90,53707642-6441-11e8-8c0f-0242ac110002
nacp_6dbcb776-e702-40a9-bd42-e9dbb8bb3f90,53707920-6441-11e8-8c0f-0242ac110002
nacp_6dbcb776-e702-40a9-bd42-e9dbb8bb3f90,53707c07-6441-11e8-8c0f-0242ac110002
nacp_6dbcb776-e702-40a9-bd42-e9dbb8bb3f90,537081e2-6441-11e8-8c0f-0242ac110002
nacp_6dbcb776-e702-40a9-bd42-e9dbb8bb3f90,537083f2-6441-11e8-8c0f-0242ac110002
nacp_6dbcb776-e702-40a9-bd42-e9dbb8bb3f90,53708531-6441-11e8-8c0f-0242ac110002
nacp_6dbcb776-e702-40a9-bd42-e9dbb8bb3f90,5370868f-6441-11e8-8c0f-0242ac110002
nacp_6dbcb776-e702-40a9-bd42-e9dbb8bb3f90,537087e1-6441-11e8-8c0f-0242ac110002
nacp_6dbcb776-e702-40a9-bd42-e9dbb8bb3f90,5370891d-6441-11e8-8c0f-0242ac110002
nacp_b746e659-5bad-4070-9316-fef89e2f1e0d,53708a55-6441-11e8-8c0f-0242ac110002
nacp_b746e659-5bad-4070-9316-fef89e2f1e0d,53708ba7-6441-11e8-8c0f-0242ac110002
nacp_b746e659-5bad-4070-9316-fef89e2f1e0d,53708d5a-6441-11e8-8c0f-0242ac110002
nacp_b746e659-5bad-4070-9316-fef89e2f1e0d,53708e8b-6441-11e8-8c0f-0242ac110002
nacp_b746e659-5bad-4070-9316-fef89e2f1e0d,53708ff8-6441-11e8-8c0f-0242ac110002
nacp_832f5619-6e8f-4267-b635-28eeafd49957,53709127-6441-11e8-8c0f-0242ac110002
nacp_832f5619-6e8f-4267-b635-28eeafd49957,53709262-6441-11e8-8c0f-0242ac110002
nacp_832f5619-6e8f-4267-b635-28eeafd49957,5370938d-6441-11e8-8c0f-0242ac110002
nacp_2a325090-a4a2-4977-bd46-cc1d4b2b240a,537094d0-6441-11e8-8c0f-0242ac110002
nacp_2a325090-a4a2-4977-bd46-cc1d4b2b240a,537096d5-6441-11e8-8c0f-0242ac110002
nacp_f478422a-a0cc-4b6b-9f72-5f42ed9c5de9,5370987e-6441-11e8-8c0f-0242ac110002
nacp_f478422a-a0cc-4b6b-9f72-5f42ed9c5de9,53709a7e-6441-11e8-8c0f-0242ac110002
nacp_5349ef20-a685-4636-a5c8-cb472718238d,53709c3e-6441-11e8-8c0f-0242ac110002
nacp_5349ef20-a685-4636-a5c8-cb472718238d,53709df8-6441-11e8-8c0f-0242ac110002
nacp_db2e71d7-034a-43b4-a783-372d0ca1bb52,53709ff8-6441-11e8-8c0f-0242ac110002
nacp_db2e71d7-034a-43b4-a783-372d0ca1bb52,5370a21a-6441-11e8-8c0f-0242ac110002
nacp_db2e71d7-034a-43b4-a783-372d0ca1bb52,5370a444-6441-11e8-8c0f-0242ac110002
nacp_db2e71d7-034a-43b4-a783-372d0ca1bb52,5370a64c-6441-11e8-8c0f-0242ac110002
nacp_db2e71d7-034a-43b4-a783-372d0ca1bb52,5370a851-6441-11e8-8c0f-0242ac110002
nacp_db2e71d7-034a-43b4-a783-372d0ca1bb52,5370aa11-6441-11e8-8c0f-0242ac110002
nacp_db2e71d7-034a-43b4-a783-372d0ca1bb52,5370abba-6441-11e8-8c0f-0242ac110002
nacp_db2e71d7-034a-43b4-a783-372d0ca1bb52,5370ad5d-6441-11e8-8c0f-0242ac110002
nacp_db2e71d7-034a-43b4-a783-372d0ca1bb52,5370af0e-6441-11e8-8c0f-0242ac110002
nacp_db2e71d7-034a-43b4-a783-372d0ca1bb52,5370b0b8-6441-11e8-8c0f-0242ac110002
nacp_db2e71d7-034a-43b4-a783-372d0ca1bb52,5370b271-6441-11e8-8c0f-0242ac110002
nacp_db2e71d7-034a-43b4-a783-372d0ca1bb52,5370b789-6441-11e8-8c0f-0242ac110002
nacp_df91d497-4298-4746-ae7c-0eefedba3fa5,5370b9c2-6441-11e8-8c0f-0242ac110002
nacp_df91d497-4298-4746-ae7c-0eefedba3fa5,5370bc5e-6441-11e8-8c0f-0242ac110002
nacp_df91d497-4298-4746-ae7c-0eefedba3fa5,5370be80-6441-11e8-8c0f-0242ac110002
nacp_df91d497-4298-4746-ae7c-0eefedba3fa5,5370c0aa-6441-11e8-8c0f-0242ac110002
nacp_df91d497-4298-4746-ae7c-0eefedba3fa5,5370c316-6441-11e8-8c0f-0242ac110002
nacp_df91d497-4298-4746-ae7c-0eefedba3fa5,5370c557-6441-11e8-8c0f-0242ac110002
nacp_df91d497-4298-4746-ae7c-0eefedba3fa5,5370c79c-6441-11e8-8c0f-0242ac110002
nacp_df91d497-4298-4746-ae7c-0eefedba3fa5,5370cb76-6441-11e8-8c0f-0242ac110002
nacp_df91d497-4298-4746-ae7c-0eefedba3fa5,5370cdb1-6441-11e8-8c0f-0242ac110002
nacp_df91d497-4298-4746-ae7c-0eefedba3fa5,5370cfd6-6441-11e8-8c0f-0242ac110002
nacp_df91d497-4298-4746-ae7c-0eefedba3fa5,5370d1fc-6441-11e8-8c0f-0242ac110002
nacp_df91d497-4298-4746-ae7c-0eefedba3fa5,5370d419-6441-11e8-8c0f-0242ac110002
nacp_df91d497-4298-4746-ae7c-0eefedba3fa5,5370d645-6441-11e8-8c0f-0242ac110002
nacp_df91d497-4298-4746-ae7c-0eefedba3fa5,5370d86a-6441-11e8-8c0f-0242ac110002
nacp_df91d497-4298-4746-ae7c-0eefedba3fa5,5370da99-6441-11e8-8c0f-0242ac110002
nacp_df91d497-4298-4746-ae7c-0eefedba3fa5,5370dcbe-6441-11e8-8c0f-0242ac110002
nacp_df91d497-4298-4746-ae7c-0eefedba3fa5,5370dedf-6441-11e8-8c0f-0242ac110002
nacp_df91d497-4298-4746-ae7c-0eefedba3fa5,5370e1a8-6441-11e8-8c0f-0242ac110002
nacp_df91d497-4298-4746-ae7c-0eefedba3fa5,5370e418-6441-11e8-8c0f-0242ac110002
nacp_df91d497-4298-4746-ae7c-0eefedba3fa5,5370e5c4-6441-11e8-8c0f-0242ac110002
nacp_df91d497-4298-4746-ae7c-0eefedba3fa5,5370e77a-6441-11e8-8c0f-0242ac110002
nacp_df91d497-4298-4746-ae7c-0eefedba3fa5,5370e91b-6441-11e8-8c0f-0242ac110002
nacp_df91d497-4298-4746-ae7c-0eefedba3fa5,5370eabb-6441-11e8-8c0f-0242ac110002
nacp_df91d497-4298-4746-ae7c-0eefedba3fa5,5370ec5d-6441-11e8-8c0f-0242ac110002
nacp_df91d497-4298-4746-ae7c-0eefedba3fa5,5370edfd-6441-11e8-8c0f-0242ac110002
nacp_df91d497-4298-4746-ae7c-0eefedba3fa5,5370ef9d-6441-11e8-8c0f-0242ac110002
nacp_df91d497-4298-4746-ae7c-0eefedba3fa5,5370f173-6441-11e8-8c0f-0242ac110002
nacp_df91d497-4298-4746-ae7c-0eefedba3fa5,5370f314-6441-11e8-8c0f-0242ac110002
nacp_df91d497-4298-4746-ae7c-0eefedba3fa5,5370f4ad-6441-11e8-8c0f-0242ac110002
nacp_df91d497-4298-4746-ae7c-0eefedba3fa5,5370f661-6441-11e8-8c0f-0242ac110002
nacp_df91d497-4298-4746-ae7c-0eefedba3fa5,5370f802-6441-11e8-8c0f-0242ac110002
nacp_df91d497-4298-4746-ae7c-0eefedba3fa5,5370fa4e-6441-11e8-8c0f-0242ac110002
nacp_df91d497-4298-4746-ae7c-0eefedba3fa5,5370fbf1-6441-11e8-8c0f-0242ac110002
nacp_df91d497-4298-4746-ae7c-0eefedba3fa5,5370fd8d-6441-11e8-8c0f-0242ac110002
nacp_df91d497-4298-4746-ae7c-0eefedba3fa5,5370ff64-6441-11e8-8c0f-0242ac110002
nacp_df91d497-4298-4746-ae7c-0eefedba3fa5,53710108-6441-11e8-8c0f-0242ac110002
nacp_df91d497-4298-4746-ae7c-0eefedba3fa5,53710317-6441-11e8-8c0f-0242ac110002
nacp_df91d497-4298-4746-ae7c-0eefedba3fa5,537104bb-6441-11e8-8c0f-0242ac110002
nacp_df91d497-4298-4746-ae7c-0eefedba3fa5,5371065c-6441-11e8-8c0f-0242ac110002
nacp_df91d497-4298-4746-ae7c-0eefedba3fa5,53711055-6441-11e8-8c0f-0242ac110002
nacp_df91d497-4298-4746-ae7c-0eefedba3fa5,537112a9-6441-11e8-8c0f-0242ac110002
nacp_df91d497-4298-4746-ae7c-0eefedba3fa5,53711450-6441-11e8-8c0f-0242ac110002
nacp_df91d497-4298-4746-ae7c-0eefedba3fa5,537115ec-6441-11e8-8c0f-0242ac110002
nacp_df91d497-4298-4746-ae7c-0eefedba3fa5,5371179a-6441-11e8-8c0f-0242ac110002
nacp_df91d497-4298-4746-ae7c-0eefedba3fa5,53711938-6441-11e8-8c0f-0242ac110002
nacp_df91d497-4298-4746-ae7c-0eefedba3fa5,53711b6a-6441-11e8-8c0f-0242ac110002
nacp_df91d497-4298-4746-ae7c-0eefedba3fa5,53711d1f-6441-11e8-8c0f-0242ac110002
nacp_df91d497-4298-4746-ae7c-0eefedba3fa5,53711ec4-6441-11e8-8c0f-0242ac110002
nacp_df91d497-4298-4746-ae7c-0eefedba3fa5,53712072-6441-11e8-8c0f-0242ac110002
nacp_df91d497-4298-4746-ae7c-0eefedba3fa5,53712211-6441-11e8-8c0f-0242ac110002
nacp_df91d497-4298-4746-ae7c-0eefedba3fa5,537123b4-6441-11e8-8c0f-0242ac110002
nacp_df91d497-4298-4746-ae7c-0eefedba3fa5,53712568-6441-11e8-8c0f-0242ac110002
nacp_df91d497-4298-4746-ae7c-0eefedba3fa5,5371270a-6441-11e8-8c0f-0242ac110002
nacp_df91d497-4298-4746-ae7c-0eefedba3fa5,537128af-6441-11e8-8c0f-0242ac110002
nacp_df91d497-4298-4746-ae7c-0eefedba3fa5,53712a55-6441-11e8-8c0f-0242ac110002
nacp_df91d497-4298-4746-ae7c-0eefedba3fa5,53712bf1-6441-11e8-8c0f-0242ac110002
nacp_df91d497-4298-4746-ae7c-0eefedba3fa5,53712d8b-6441-11e8-8c0f-0242ac110002
nacp_df91d497-4298-4746-ae7c-0eefedba3fa5,53712f47-6441-11e8-8c0f-0242ac110002
nacp_df91d497-4298-4746-ae7c-0eefedba3fa5,53713340-6441-11e8-8c0f-0242ac110002
nacp_df91d497-4298-4746-ae7c-0eefedba3fa5,537134dc-6441-11e8-8c0f-0242ac110002
nacp_86753059-8106-4aa5-8e50-6bfdc35c41d1,53713676-6441-11e8-8c0f-0242ac110002
nacp_90cb6b66-6ecf-4f50-bf38-3f026d20cbe8,53713814-6441-11e8-8c0f-0242ac110002
nacp_90cb6b66-6ecf-4f50-bf38-3f026d20cbe8,537139b3-6441-11e8-8c0f-0242ac110002
nacp_90cb6b66-6ecf-4f50-bf38-3f026d20cbe8,53713b51-6441-11e8-8c0f-0242ac110002